{
    "Open": {
        "mean": 75.6682989734518,
        "std": 90.87665836511889
    },
    "High": {
        "mean": 76.7983330848952,
        "std": 92.23163817263364
    },
    "Low": {
        "mean": 74.53846900218504,
        "std": 89.47680752832173
    },
    "Close": {
        "mean": 75.68460116335784,
        "std": 90.88600714257889
    },
    "SMA_30": {
        "mean": 75.11522794904167,
        "std": 89.48355894835804
    },
    "EMA_10": {
        "mean": 75.50228227329598,
        "std": 90.39427222355938
    },
    "BBL_5_2.0": {
        "mean": 72.75779395434073,
        "std": 87.27207570145953
    },
    "BBM_5_2.0": {
        "mean": 75.60256403697734,
        "std": 90.68089018599274
    },
    "BBU_5_2.0": {
        "mean": 78.44733411961393,
        "std": 94.20235061019744
    },
    "ISA_9": {
        "mean": 74.3201814260591,
        "std": 87.89158150015871
    },
    "ISB_26": {
        "mean": 73.93680885843838,
        "std": 86.755519868408
    },
    "ITS_9": {
        "mean": 75.4515677911121,
        "std": 90.32304879778799
    },
    "IKS_26": {
        "mean": 75.15940543546542,
        "std": 89.4527730620473
    },
    "PSAR_combined": {
        "mean": 75.33621763313086,
        "std": 90.29103359095677
    },
    "52_week_high": {
        "mean": 95.0194791089844,
        "std": 110.81943880407692
    },
    "52_week_low": {
        "mean": 49.48421776657169,
        "std": 56.0603652081356
    },
    "Volume": {
        "mean": 34634524.05617761,
        "std": 31027362.126171928
    },
    "week_day": {
        "mean": 3.0373069498069496,
        "std": 1.3939361529302225
    },
    "avgTradingVolume": {
        "mean": 75.49949171884525,
        "std": 90.43338281515683
    },
    "MACD_12_26_9": {
        "mean": 0.2703771642948393,
        "std": 3.528368071923961
    },
    "MACDh_12_26_9": {
        "mean": 0.0028375438611863233,
        "std": 1.0436163028511602
    },
    "MACDs_12_26_9": {
        "mean": 0.26753962043365287,
        "std": 3.3309895986667204
    },
    "RSI_10": {
        "mean": 51.12880039989651,
        "std": 14.514514838124034
    },
    "BBB_5_2.0": {
        "mean": 7.723523749936781,
        "std": 5.725006862263154
    },
    "BBP_5_2.0": {
        "mean": 0.5104536933740966,
        "std": 0.2897884035886548
    },
    "ADX_14": {
        "mean": 23.64494839328678,
        "std": 9.292296136221845
    },
    "DMP_14": {
        "mean": 24.882967817771636,
        "std": 8.010329630799427
    },
    "DMN_14": {
        "mean": 23.817251963332133,
        "std": 7.785620670408514
    },
    "ATRr_14": {
        "mean": 2.47654007113334,
        "std": 3.3926869995737237
    },
    "EMA_10_trend": {
        "mean": 0.5241795366795367,
        "std": 0.4994150077900773
    },
    "STOCHk_14_3_3": {
        "mean": 52.073509416893145,
        "std": 29.26618023086655
    },
    "STOCHd_14_3_3": {
        "mean": 52.0441471824801,
        "std": 28.424215298789917
    },
    "NASDAQ_Close": {
        "mean": 13178.876496751704,
        "std": 1438.1765006307319
    },
    "NASDAQ_EMA_10": {
        "mean": 13166.77609749598,
        "std": 1404.294106195613
    },
    "NASDAQ_EMA_30": {
        "mean": 13141.76667211808,
        "std": 1348.8488913038886
    },
    "SP500_Close": {
        "mean": 4219.659029409047,
        "std": 284.48051495070627
    },
    "SP500_EMA_10": {
        "mean": 4213.72766053362,
        "std": 275.54842123880576
    },
    "SP500_EMA_30": {
        "mean": 4201.597581813276,
        "std": 264.5083904223193
    }
}